{
	"format_version": "1.12.0",
	"minecraft:geometry": [
		{
			"description": {
				"identifier": "geometry.wstqdr_icecreamcone_0",
				"texture_width": 16,
				"texture_height": 16,
				"visible_bounds_width": 2,
				"visible_bounds_height": 2.5,
				"visible_bounds_offset": [0, 0.75, 0]
			},
			"bones": [
				{
					"name": "root",
					"pivot": [0, 0, 0],
					"cubes": [
						{
							"origin": [-2, -1, -2],
							"size": [4, 3.5, 4],
							"inflate": -1,
							"uv": {
								"north": {"uv": [11, 0], "uv_size": [4, 3]},
								"east": {"uv": [11, 0], "uv_size": [4, 3]},
								"south": {"uv": [11, 0], "uv_size": [4, 3]},
								"west": {"uv": [11, 0], "uv_size": [4, 3]},
								"down": {"uv": [5, 9], "uv_size": [-4, -4]}
							}
						},
						{
							"origin": [-2, 0.875, -2],
							"size": [4, 3, 4],
							"inflate": -0.625,
							"uv": {
								"north": {"uv": [6, 0], "uv_size": [5, 3]},
								"east": {"uv": [6, 0], "uv_size": [5, 3]},
								"south": {"uv": [6, 0], "uv_size": [5, 3]},
								"west": {"uv": [6, 0], "uv_size": [5, 3]},
								"down": {"uv": [5, 15], "uv_size": [-5, -5]}
							}
						},
						{
							"origin": [-2.5, 2.5, -2.5],
							"size": [5, 4, 5],
							"inflate": -0.75,
							"uv": {
								"north": {"uv": [0, 0], "uv_size": [6, 4]},
								"east": {"uv": [0, 0], "uv_size": [6, 4]},
								"south": {"uv": [0, 0], "uv_size": [6, 4]},
								"west": {"uv": [0, 0], "uv_size": [6, 4]},
								"up": {"uv": [5, 15], "uv_size": [-5, -5]},
								"down": {"uv": [6, 10], "uv_size": [-6, -6]}
							}
						},
						{
							"origin": [-2, 5.25, -2],
							"size": [4, 2.5, 4],
							"inflate": -0.5,
							"uv": {
								"north": {"uv": [6, 3], "uv_size": [6, 3]},
								"east": {"uv": [6, 3], "uv_size": [6, 3]},
								"south": {"uv": [6, 3], "uv_size": [6, 3]},
								"west": {"uv": [6, 3], "uv_size": [6, 3]},
								"up": {"uv": [12, 9], "uv_size": [-6, -6]}
							}
						},
						{
							"origin": [-1.5, 6.75, -1.5],
							"size": [3, 2, 3],
							"inflate": -0.5,
							"uv": {
								"north": {"uv": [7, 3], "uv_size": [4, 2]},
								"east": {"uv": [7, 3], "uv_size": [4, 2]},
								"south": {"uv": [7, 3], "uv_size": [4, 2]},
								"west": {"uv": [7, 3], "uv_size": [4, 2]},
								"up": {"uv": [11, 8], "uv_size": [-4, -4]}
							}
						}
					]
				}
			]
		}
	]
}