{
  "format_version": "1.20.10",
  "minecraft:recipe_shaped": {
    "description": {
      "identifier": "wstqdr:popsicle_mold"
    },
    "tags": ["crafting_table"],
    "pattern": ["# #", "---", "   "],
    "key": {
      "#": {
        "tag": "minecraft:planks"
      },
      "-": {
        "tag": "minecraft:wooden_slabs"
      }
    },
    "unlock": [
      {
        "tag": "minecraft:planks"
      },
      {
        "tag": "minecraft:wooden_slabs"
      }
    ],
    "result": {
      "item": "wstqdr:popsicle_mold"
    },
    "priority": -1
  }
}