{
    "resource_pack_name": "vanilla",
    "texture_data": {
        "wstqdr:apple_icecreamcone": {
            "textures": "textures/wstqdr_frozen/items/icecreamcone/apple_icecreamcone"
        },
        "wstqdr:apple_icecreamcup": {
            "textures": "textures/wstqdr_frozen/items/icecreamcup/apple_icecreamcup"
        },
        "wstqdr:apple_popsicle": {
            "textures": "textures/wstqdr_frozen/items/popsicle/apple_popsicle"
        },
        "wstqdr:apple_smoothie": {
            "textures": "textures/wstqdr_frozen/items/smoothie/apple_smoothie"
        },
        "wstqdr:banana_icecreamcone": {
            "textures": "textures/wstqdr_frozen/items/icecreamcone/banana_icecreamcone"
        },
        "wstqdr:banana_icecreamcup": {
            "textures": "textures/wstqdr_frozen/items/icecreamcup/banana_icecreamcup"
        },
        "wstqdr:banana_popsicle": {
            "textures": "textures/wstqdr_frozen/items/popsicle/banana_popsicle"
        },
        "wstqdr:banana_smoothie": {
            "textures": "textures/wstqdr_frozen/items/smoothie/banana_smoothie"
        },
        "wstqdr:blue_berry_icecreamcone": {
            "textures": "textures/wstqdr_frozen/items/icecreamcone/blue_berry_icecreamcone"
        },
        "wstqdr:blue_berry_icecreamcup": {
            "textures": "textures/wstqdr_frozen/items/icecreamcup/blue_berry_icecreamcup"
        },
        "wstqdr:blue_berry_popsicle": {
            "textures": "textures/wstqdr_frozen/items/popsicle/blue_berry_popsicle"
        },
        "wstqdr:blue_berry_smoothie": {
            "textures": "textures/wstqdr_frozen/items/smoothie/blue_berry_smoothie"
        },
        "wstqdr:chocolate_carrot_smoothie": {
            "textures": "textures/wstqdr_frozen/items/smoothie/chocolate_carrot_smoothie"
        },
        "wstqdr:chocolate_icecreamcone": {
            "textures": "textures/wstqdr_frozen/items/icecreamcone/chocolate_icecreamcone"
        },
        "wstqdr:chocolate_icecreamcup": {
            "textures": "textures/wstqdr_frozen/items/icecreamcup/chocolate_icecreamcup"
        },
        "wstqdr:chocolate_popsicle": {
            "textures": "textures/wstqdr_frozen/items/popsicle/chocolate_popsicle"
        },
        "wstqdr:chocolate_smoothie": {
            "textures": "textures/wstqdr_frozen/items/smoothie/chocolate_smoothie"
        },
        "wstqdr:chorus_fruit_icecreamcone": {
            "textures": "textures/wstqdr_frozen/items/icecreamcone/chorus_fruit_icecreamcone"
        },
        "wstqdr:chorus_fruit_icecreamcup": {
            "textures": "textures/wstqdr_frozen/items/icecreamcup/chorus_fruit_icecreamcup"
        },
        "wstqdr:chorus_fruit_popsicle": {
            "textures": "textures/wstqdr_frozen/items/popsicle/chorus_fruit_popsicle"
        },
        "wstqdr:chorus_fruit_smoothie": {
            "textures": "textures/wstqdr_frozen/items/smoothie/chorus_fruit_smoothie"
        },
        "wstqdr:classic_popsicle": {
            "textures": "textures/wstqdr_frozen/items/popsicle/classic_popsicle"
        },
        "wstqdr:corn_icecreamcone": {
            "textures": "textures/wstqdr_frozen/items/icecreamcone/corn_icecreamcone"
        },
        "wstqdr:corn_icecreamcup": {
            "textures": "textures/wstqdr_frozen/items/icecreamcup/corn_icecreamcup"
        },
        "wstqdr:corn_popsicle": {
            "textures": "textures/wstqdr_frozen/items/popsicle/corn_popsicle"
        },
        "wstqdr:corn_smoothie": {
            "textures": "textures/wstqdr_frozen/items/smoothie/corn_smoothie"
        },
        "wstqdr:cream_icecreamcone": {
            "textures": "textures/wstqdr_frozen/items/icecreamcone/cream_icecreamcone"
        },
        "wstqdr:cream_icecreamcup": {
            "textures": "textures/wstqdr_frozen/items/icecreamcup/cream_icecreamcup"
        },
        "wstqdr:cream_popsicle": {
            "textures": "textures/wstqdr_frozen/items/popsicle/cream_popsicle"
        },
        "wstqdr:cream_smoothie": {
            "textures": "textures/wstqdr_frozen/items/smoothie/cream_smoothie"
        },
        "wstqdr:glistering_melon_icecreamcone": {
            "textures": "textures/wstqdr_frozen/items/icecreamcone/glistering_watermelon_icecreamcone"
        },
        "wstqdr:glistering_melon_icecreamcup": {
            "textures": "textures/wstqdr_frozen/items/icecreamcup/glistering_watermelon_icecreamcup"
        },
        "wstqdr:glistering_melon_popsicle": {
            "textures": "textures/wstqdr_frozen/items/popsicle/glistering_watermelon_popsicle"
        },
        "wstqdr:glistering_melon_smoothie": {
            "textures": "textures/wstqdr_frozen/items/smoothie/glistering_watermelon_smoothie"
        },
        "wstqdr:glow_berry_icecreamcone": {
            "textures": "textures/wstqdr_frozen/items/icecreamcone/glow_berry_icecreamcone"
        },
        "wstqdr:glow_berry_icecreamcup": {
            "textures": "textures/wstqdr_frozen/items/icecreamcup/glow_berry_icecreamcup"
        },
        "wstqdr:glow_berry_popsicle": {
            "textures": "textures/wstqdr_frozen/items/popsicle/glow_berry_popsicle"
        },
        "wstqdr:glow_berry_smoothie": {
            "textures": "textures/wstqdr_frozen/items/smoothie/glow_berry_smoothie"
        },
        "wstqdr:grape_smoothie": {
            "textures": "textures/wstqdr_frozen/items/smoothie/grape_smoothie"
        },
        "wstqdr:honey_popsicle": {
            "textures": "textures/wstqdr_frozen/items/popsicle/honey_popsicle"
        },
        "wstqdr:honey_smoothie": {
            "textures": "textures/wstqdr_frozen/items/smoothie/honey_smoothie"
        },
        "wstqdr:icecreamcone": {
            "textures": "textures/wstqdr_frozen/items/icecreamcone/icecreamcone"
        },
        "wstqdr:icecreamcup": {
            "textures": "textures/wstqdr_frozen/items/icecreamcup/icecreamcup"
        },
        "wstqdr:melon_icecreamcone": {
            "textures": "textures/wstqdr_frozen/items/icecreamcone/watermelon_icecreamcone"
        },
        "wstqdr:melon_icecreamcup": {
            "textures": "textures/wstqdr_frozen/items/icecreamcup/watermelon_icecreamcup"
        },
        "wstqdr:melon_popsicle": {
            "textures": "textures/wstqdr_frozen/items/popsicle/watermelon_popsicle"
        },
        "wstqdr:melon_smoothie": {
            "textures": "textures/wstqdr_frozen/items/smoothie/watermelon_smoothie"
        },
        "wstqdr:snow_smoothie": {
            "textures": "textures/wstqdr_frozen/items/smoothie/snow_smoothie"
        },
        "wstqdr:strawberry_icecreamcone": {
            "textures": "textures/wstqdr_frozen/items/icecreamcone/strawberry_icecreamcone"
        },
        "wstqdr:strawberry_icecreamcup": {
            "textures": "textures/wstqdr_frozen/items/icecreamcup/strawberry_icecreamcup"
        },
        "wstqdr:strawberry_popsicle": {
            "textures": "textures/wstqdr_frozen/items/popsicle/strawberry_popsicle"
        },
        "wstqdr:strawberry_smoothie": {
            "textures": "textures/wstqdr_frozen/items/smoothie/strawberry_smoothie"
        },
        "wstqdr:suspicious_icecreamcone": {
            "textures": "textures/wstqdr_frozen/items/icecreamcone/icecreamcone"
        },
        "wstqdr:suspicious_icecreamcup": {
            "textures": "textures/wstqdr_frozen/items/icecreamcup/icecreamcup"
        },
        "wstqdr:sweet_berry_icecreamcone": {
            "textures": "textures/wstqdr_frozen/items/icecreamcone/sweet_berry_icecreamcone"
        },
        "wstqdr:sweet_berry_icecreamcup": {
            "textures": "textures/wstqdr_frozen/items/icecreamcup/sweet_berry_icecreamcup"
        },
        "wstqdr:sweet_berry_popsicle": {
            "textures": "textures/wstqdr_frozen/items/popsicle/sweet_berry_popsicle"
        },
        "wstqdr:sweet_berry_smoothie": {
            "textures": "textures/wstqdr_frozen/items/smoothie/sweet_berry_smoothie"
        },
        "wstqdr:tomato_icecreamcone": {
            "textures": "textures/wstqdr_frozen/items/icecreamcone/tomato_icecreamcone"
        },
        "wstqdr:tomato_icecreamcup": {
            "textures": "textures/wstqdr_frozen/items/icecreamcup/tomato_icecreamcup"
        },
        "wstqdr:tomato_popsicle": {
            "textures": "textures/wstqdr_frozen/items/popsicle/tomato_popsicle"
        },
        "wstqdr:tomato_smoothie": {
            "textures": "textures/wstqdr_frozen/items/smoothie/tomato_smoothie"
        },
        "wstqdr:waffle_cone": {
            "textures": "textures/wstqdr_frozen/items/icecreamcone/waffle_cone"
        }
    },
    "texture_name": "atlas.items"
}