{
	"format_version": "1.12.0",
	"minecraft:geometry": [
		{
			"description": {
				"identifier": "geometry.wstqdr_icecreamchurn_fill",
				"texture_width": 32,
				"texture_height": 32,
				"visible_bounds_width": 2,
				"visible_bounds_height": 2.5,
				"visible_bounds_offset": [0, 0.75, 0]
			},
			"bones": [
				{
					"name": "root",
					"pivot": [0, 0, 0],
					"cubes": [
						{
							"origin": [-3, 4.5, -3],
							"size": [6, 6, 6],
							"inflate": -0.25,
							"uv": {
								"north": {"uv": [0, 8], "uv_size": [8, 8]},
								"east": {"uv": [8, 8], "uv_size": [8, 8]},
								"south": {"uv": [16, 8], "uv_size": [8, 8]},
								"west": {"uv": [24, 8], "uv_size": [8, 8]},
								"up": {"uv": [8, 0], "uv_size": [8, 8]},
								"down": {"uv": [16, 0], "uv_size": [8, 8]}
							}
						}
					]
				}
			]
		}
	]
}