{
    "resource_pack_name": "vanilla",
    "texture_data": {
        "wstqdr:empty":{
            "textures": "textures/wstqdr_frozen/blocks/empty"
        },
        "wstqdr:icecream_churn":{
            "textures": "textures/wstqdr_frozen/blocks/icecream_churn/icecream_churn"
        },
        "wstqdr:popsicle_mold":{
            "textures": "textures/wstqdr_frozen/blocks/popsicle_mold/popsicle_mold"
        },
        "wstqdr:popsicle_mold_water":{
            "textures": "textures/wstqdr_frozen/blocks/popsicle_mold/popsicle_mold_water"
        },
        "wstqdr:popsicle_mold_ice":{
            "textures": "textures/wstqdr_frozen/blocks/popsicle_mold/popsicle_mold_ice"
        },
        "wstqdr:icecream_churn_water":{
            "textures": "textures/wstqdr_frozen/blocks/icecream_churn/icecream_churn_water"
        },
        "wstqdr:icecream_churn_ice":{
            "textures": "textures/wstqdr_frozen/blocks/icecream_churn/icecream_churn_ice"
        },
        "wstqdr:apple_icecreamcup_block":{
            "textures": "textures/wstqdr_frozen/blocks/icecreamcup_block/apple_icecreamcup_block"
        },
        "wstqdr:banana_icecreamcup_block":{
            "textures": "textures/wstqdr_frozen/blocks/icecreamcup_block/banana_icecreamcup_block"
        },
        "wstqdr:blue_berry_icecreamcup_block":{
            "textures": "textures/wstqdr_frozen/blocks/icecreamcup_block/blue_berry_icecreamcup_block"
        },
        "wstqdr:chocolate_icecreamcup_block":{
            "textures": "textures/wstqdr_frozen/blocks/icecreamcup_block/chocolate_icecreamcup_block"
        },
        "wstqdr:chorus_fruit_icecreamcup_block":{
            "textures": "textures/wstqdr_frozen/blocks/icecreamcup_block/chorus_fruit_icecreamcup_block"
        },
        "wstqdr:corn_icecreamcup_block":{
            "textures": "textures/wstqdr_frozen/blocks/icecreamcup_block/corn_icecreamcup_block"
        },
        "wstqdr:cream_icecreamcup_block":{
            "textures": "textures/wstqdr_frozen/blocks/icecreamcup_block/cream_icecreamcup_block"
        },
        "wstqdr:glistering_melon_icecreamcup_block":{
            "textures": "textures/wstqdr_frozen/blocks/icecreamcup_block/glistering_melon_icecreamcup_block"
        },
        "wstqdr:glow_berry_icecreamcup_block":{
            "textures": "textures/wstqdr_frozen/blocks/icecreamcup_block/glow_berry_icecreamcup_block"
        },
        "wstqdr:icecreamcup_block":{
            "textures": "textures/wstqdr_frozen/blocks/icecreamcup_block/icecreamcup_block"
        },
        "wstqdr:melon_icecreamcup_block":{
            "textures": "textures/wstqdr_frozen/blocks/icecreamcup_block/melon_icecreamcup_block"
        },
        "wstqdr:strawberry_icecreamcup_block":{
            "textures": "textures/wstqdr_frozen/blocks/icecreamcup_block/strawberry_icecreamcup_block"
        },
        "wstqdr:sweet_berry_icecreamcup_block":{
            "textures": "textures/wstqdr_frozen/blocks/icecreamcup_block/sweet_berry_icecreamcup_block"
        },
        "wstqdr:tomato_icecreamcup_block":{
            "textures": "textures/wstqdr_frozen/blocks/icecreamcup_block/tomato_icecreamcup_block"
        },
        "wstqdr:apple_smoothie_block":{
            "textures": "textures/wstqdr_frozen/blocks/smoothie_block/apple_smoothie_block"
        },
        "wstqdr:banana_smoothie_block":{
            "textures": "textures/wstqdr_frozen/blocks/smoothie_block/banana_smoothie_block"
        },
        "wstqdr:blue_berry_smoothie_block":{
            "textures": "textures/wstqdr_frozen/blocks/smoothie_block/blue_berry_smoothie_block"
        },
        "wstqdr:chocolate_carrot_smoothie_block":{
            "textures": "textures/wstqdr_frozen/blocks/smoothie_block/chocolate_carrot_smoothie_block"
        },
        "wstqdr:chocolate_smoothie_block":{
            "textures": "textures/wstqdr_frozen/blocks/smoothie_block/chocolate_smoothie_block"
        },
        "wstqdr:chorus_fruit_smoothie_block":{
            "textures": "textures/wstqdr_frozen/blocks/smoothie_block/chorus_fruit_smoothie_block"
        },
        "wstqdr:corn_smoothie_block":{
            "textures": "textures/wstqdr_frozen/blocks/smoothie_block/corn_smoothie_block"
        },
        "wstqdr:cream_smoothie_block":{
            "textures": "textures/wstqdr_frozen/blocks/smoothie_block/cream_smoothie_block"
        },
        "wstqdr:glistering_melon_smoothie_block":{
            "textures": "textures/wstqdr_frozen/blocks/smoothie_block/glistering_melon_smoothie_block"
        },
        "wstqdr:glow_berry_smoothie_block":{
            "textures": "textures/wstqdr_frozen/blocks/smoothie_block/glow_berry_smoothie_block"
        },
        "wstqdr:grape_smoothie_block":{
            "textures": "textures/wstqdr_frozen/blocks/smoothie_block/grape_smoothie_block"
        },
        "wstqdr:honey_smoothie_block":{
            "textures": "textures/wstqdr_frozen/blocks/smoothie_block/honey_smoothie_block"
        },
        "wstqdr:melon_smoothie_block":{
            "textures": "textures/wstqdr_frozen/blocks/smoothie_block/melon_smoothie_block"
        },
        "wstqdr:strawberry_smoothie_block":{
            "textures": "textures/wstqdr_frozen/blocks/smoothie_block/strawberry_smoothie_block"
        },
        "wstqdr:sweet_berry_smoothie_block":{
            "textures": "textures/wstqdr_frozen/blocks/smoothie_block/sweet_berry_smoothie_block"
        },
        "wstqdr:tomato_smoothie_block":{
            "textures": "textures/wstqdr_frozen/blocks/smoothie_block/tomato_smoothie_block"
        },
        "wstqdr:snow_smoothie_block":{
            "textures": "textures/wstqdr_frozen/blocks/smoothie_block/snow_smoothie_block"
        },
         "wstqdr:apple_icecreamcone_block":{
            "textures": "textures/wstqdr_frozen/blocks/icecreamcone_block/apple_icecreamcone_block"
        },
        "wstqdr:banana_icecreamcone_block":{
            "textures": "textures/wstqdr_frozen/blocks/icecreamcone_block/banana_icecreamcone_block"
        },
        "wstqdr:blue_berry_icecreamcone_block":{
            "textures": "textures/wstqdr_frozen/blocks/icecreamcone_block/blue_berry_icecreamcone_block"
        },
        "wstqdr:chocolate_icecreamcone_block":{
            "textures": "textures/wstqdr_frozen/blocks/icecreamcone_block/chocolate_icecreamcone_block"
        },
        "wstqdr:chorus_fruit_icecreamcone_block":{
            "textures": "textures/wstqdr_frozen/blocks/icecreamcone_block/chorus_fruit_icecreamcone_block"
        },
        "wstqdr:corn_icecreamcone_block":{
            "textures": "textures/wstqdr_frozen/blocks/icecreamcone_block/corn_icecreamcone_block"
        },
        "wstqdr:cream_icecreamcone_block":{
            "textures": "textures/wstqdr_frozen/blocks/icecreamcone_block/cream_icecreamcone_block"
        },
        "wstqdr:glistering_melon_icecreamcone_block":{
            "textures": "textures/wstqdr_frozen/blocks/icecreamcone_block/glistering_melon_icecreamcone_block"
        },
        "wstqdr:glow_berry_icecreamcone_block":{
            "textures": "textures/wstqdr_frozen/blocks/icecreamcone_block/glow_berry_icecreamcone_block"
        },
        "wstqdr:icecreamcone_block":{
            "textures": "textures/wstqdr_frozen/blocks/icecreamcone_block/icecreamcone_block"
        },
        "wstqdr:melon_icecreamcone_block":{
            "textures": "textures/wstqdr_frozen/blocks/icecreamcone_block/melon_icecreamcone_block"
        },
        "wstqdr:strawberry_icecreamcone_block":{
            "textures": "textures/wstqdr_frozen/blocks/icecreamcone_block/strawberry_icecreamcone_block"
        },
        "wstqdr:sweet_berry_icecreamcone_block":{
            "textures": "textures/wstqdr_frozen/blocks/icecreamcone_block/sweet_berry_icecreamcone_block"
        },
        "wstqdr:tomato_icecreamcone_block":{
            "textures": "textures/wstqdr_frozen/blocks/icecreamcone_block/tomato_icecreamcone_block"
        },
        "wstqdr:classic_popsicle_block":{
            "textures": "textures/wstqdr_frozen/blocks/popsicle_block/classic_popsicle_block"
        },
        "wstqdr:apple_popsicle_block":{
            "textures": "textures/wstqdr_frozen/blocks/popsicle_block/apple_popsicle_block"
        },
        "wstqdr:banana_popsicle_block":{
            "textures": "textures/wstqdr_frozen/blocks/popsicle_block/banana_popsicle_block"
        },
        "wstqdr:blue_berry_popsicle_block":{
            "textures": "textures/wstqdr_frozen/blocks/popsicle_block/blue_berry_popsicle_block"
        },
        "wstqdr:chocolate_popsicle_block":{
            "textures": "textures/wstqdr_frozen/blocks/popsicle_block/chocolate_popsicle_block"
        },
        "wstqdr:chorus_fruit_popsicle_block":{
            "textures": "textures/wstqdr_frozen/blocks/popsicle_block/chorus_fruit_popsicle_block"
        },
        "wstqdr:corn_popsicle_block":{
            "textures": "textures/wstqdr_frozen/blocks/popsicle_block/corn_popsicle_block"
        },
        "wstqdr:cream_popsicle_block":{
            "textures": "textures/wstqdr_frozen/blocks/popsicle_block/cream_popsicle_block"
        },
        "wstqdr:glow_berry_popsicle_block":{
            "textures": "textures/wstqdr_frozen/blocks/popsicle_block/glow_berry_popsicle_block"
        },
        "wstqdr:honey_popsicle_block":{
            "textures": "textures/wstqdr_frozen/blocks/popsicle_block/honey_popsicle_block"
        },
        "wstqdr:strawberry_popsicle_block":{
            "textures": "textures/wstqdr_frozen/blocks/popsicle_block/strawberry_popsicle_block"
        },
        "wstqdr:sweet_berry_popsicle_block":{
            "textures": "textures/wstqdr_frozen/blocks/popsicle_block/sweet_berry_popsicle_block"
        },
        "wstqdr:tomato_popsicle_block":{
            "textures": "textures/wstqdr_frozen/blocks/popsicle_block/tomato_popsicle_block"
        }
    },
    "texture_name": "atlas.terrain"
}