{
	"format_version": "1.21.0",
	"minecraft:geometry": [
		{
			"description": {
				"identifier": "geometry.wstqdr_popsicle_2",
				"texture_width": 16,
				"texture_height": 16,
				"visible_bounds_width": 3,
				"visible_bounds_height": 2.5,
				"visible_bounds_offset": [0, 0.75, 0]
			},
			"bones": [
				{
					"name": "root",
					"pivot": [0, 0, 0]
				},
				{
					"name": "popsicle_0",
					"parent": "root",
					"pivot": [-3, 0, 0],
					"cubes": [
						{
							"origin": [-5, -0.25, 3.4],
							"size": [4, 2, 2.5],
							"inflate": -0.252,
							"uv": {
								"east": {"uv": [8, 0], "uv_size": [-2, 2], "uv_rotation": 270},
								"south": {"uv": [0, 2], "uv_size": [4, 2]},
								"west": {"uv": [8, 0], "uv_size": [-2, 2], "uv_rotation": 90},
								"up": {"uv": [4, 2], "uv_size": [-4, -2], "uv_rotation": 180},
								"down": {"uv": [4, 2], "uv_size": [-4, -2]}
							}
						},
						{
							"origin": [-5.5, -0.25, 0],
							"size": [5, 2, 5],
							"inflate": -0.251,
							"uv": {
								"east": {"uv": [8, 4], "uv_size": [-2, 5], "uv_rotation": 270},
								"south": {"uv": [0, 4], "uv_size": [5, 2]},
								"west": {"uv": [8, 4], "uv_size": [-2, 5], "uv_rotation": 90},
								"up": {"uv": [5, 9], "uv_size": [-5, -5], "uv_rotation": 180},
								"down": {"uv": [5, 9], "uv_size": [-5, -5]}
							}
						},
						{
							"origin": [-5.75, -0.25, -2.5],
							"size": [5.5, 2, 4],
							"inflate": -0.25,
							"uv": {
								"north": {"uv": [0, 11], "uv_size": [6, 2]},
								"east": {"uv": [6, 9], "uv_size": [2, 4], "uv_rotation": 90},
								"south": {"uv": [0, 9], "uv_size": [6, 2]},
								"west": {"uv": [8, 9], "uv_size": [-2, 4], "uv_rotation": 90},
								"up": {"uv": [6, 13], "uv_size": [-6, -4], "uv_rotation": 180},
								"down": {"uv": [6, 13], "uv_size": [-6, -4]}
							}
						},
						{
							"origin": [-3.5, 0.25, -5.25],
							"size": [1, 1, 3],
							"uv": {
								"north": {"uv": [0, 15], "uv_size": [1, 1]},
								"east": {"uv": [0, 13], "uv_size": [1, 3], "uv_rotation": 270},
								"west": {"uv": [0, 13], "uv_size": [1, 3], "uv_rotation": 90},
								"up": {"uv": [1, 16], "uv_size": [-1, -3], "uv_rotation": 180},
								"down": {"uv": [1, 16], "uv_size": [-1, -3]}
							}
						}
					]
				},
				{
					"name": "popsicle_1",
					"parent": "root",
					"pivot": [3, 0, 0],
					"rotation": [0, -10, 0],
					"cubes": [
						{
							"origin": [1, -0.25, 3.4],
							"size": [4, 2, 2.5],
							"inflate": -0.252,
							"uv": {
								"east": {"uv": [8, 0], "uv_size": [-2, 2], "uv_rotation": 270},
								"south": {"uv": [0, 2], "uv_size": [4, 2]},
								"west": {"uv": [8, 0], "uv_size": [-2, 2], "uv_rotation": 90},
								"up": {"uv": [4, 2], "uv_size": [-4, -2], "uv_rotation": 180},
								"down": {"uv": [4, 2], "uv_size": [-4, -2]}
							}
						},
						{
							"origin": [0.5, -0.25, 0],
							"size": [5, 2, 5],
							"inflate": -0.251,
							"uv": {
								"east": {"uv": [8, 4], "uv_size": [-2, 5], "uv_rotation": 270},
								"south": {"uv": [0, 4], "uv_size": [5, 2]},
								"west": {"uv": [8, 4], "uv_size": [-2, 5], "uv_rotation": 90},
								"up": {"uv": [5, 9], "uv_size": [-5, -5], "uv_rotation": 180},
								"down": {"uv": [5, 9], "uv_size": [-5, -5]}
							}
						},
						{
							"origin": [0.25, -0.25, -2.5],
							"size": [5.5, 2, 4],
							"inflate": -0.25,
							"uv": {
								"north": {"uv": [0, 11], "uv_size": [6, 2]},
								"east": {"uv": [6, 9], "uv_size": [2, 4], "uv_rotation": 90},
								"south": {"uv": [0, 9], "uv_size": [6, 2]},
								"west": {"uv": [8, 9], "uv_size": [-2, 4], "uv_rotation": 90},
								"up": {"uv": [6, 13], "uv_size": [-6, -4], "uv_rotation": 180},
								"down": {"uv": [6, 13], "uv_size": [-6, -4]}
							}
						},
						{
							"origin": [2.5, 0.25, -5.25],
							"size": [1, 1, 3],
							"uv": {
								"north": {"uv": [0, 15], "uv_size": [1, 1]},
								"east": {"uv": [0, 13], "uv_size": [1, 3], "uv_rotation": 270},
								"west": {"uv": [0, 13], "uv_size": [1, 3], "uv_rotation": 90},
								"up": {"uv": [1, 16], "uv_size": [-1, -3], "uv_rotation": 180},
								"down": {"uv": [1, 16], "uv_size": [-1, -3]}
							}
						}
					]
				},
				{
					"name": "popsicle_2",
					"parent": "root",
					"pivot": [0, 1.5, 0],
					"rotation": [0, 7.5, 0],
					"cubes": [
						{
							"origin": [-2, 1.25, 3.4],
							"size": [4, 2, 2.5],
							"inflate": -0.252,
							"uv": {
								"east": {"uv": [8, 0], "uv_size": [-2, 2], "uv_rotation": 270},
								"south": {"uv": [0, 2], "uv_size": [4, 2]},
								"west": {"uv": [8, 0], "uv_size": [-2, 2], "uv_rotation": 90},
								"up": {"uv": [4, 2], "uv_size": [-4, -2], "uv_rotation": 180},
								"down": {"uv": [4, 2], "uv_size": [-4, -2]}
							}
						},
						{
							"origin": [-2.5, 1.25, 0],
							"size": [5, 2, 5],
							"inflate": -0.251,
							"uv": {
								"east": {"uv": [8, 4], "uv_size": [-2, 5], "uv_rotation": 270},
								"south": {"uv": [0, 4], "uv_size": [5, 2]},
								"west": {"uv": [8, 4], "uv_size": [-2, 5], "uv_rotation": 90},
								"up": {"uv": [5, 9], "uv_size": [-5, -5], "uv_rotation": 180},
								"down": {"uv": [5, 9], "uv_size": [-5, -5]}
							}
						},
						{
							"origin": [-2.75, 1.25, -2.5],
							"size": [5.5, 2, 4],
							"inflate": -0.25,
							"uv": {
								"north": {"uv": [0, 11], "uv_size": [6, 2]},
								"east": {"uv": [6, 9], "uv_size": [2, 4], "uv_rotation": 90},
								"south": {"uv": [0, 9], "uv_size": [6, 2]},
								"west": {"uv": [8, 9], "uv_size": [-2, 4], "uv_rotation": 90},
								"up": {"uv": [6, 13], "uv_size": [-6, -4], "uv_rotation": 180},
								"down": {"uv": [6, 13], "uv_size": [-6, -4]}
							}
						},
						{
							"origin": [-0.5, 1.75, -5.25],
							"size": [1, 1, 3],
							"uv": {
								"north": {"uv": [0, 15], "uv_size": [1, 1]},
								"east": {"uv": [0, 13], "uv_size": [1, 3], "uv_rotation": 270},
								"west": {"uv": [0, 13], "uv_size": [1, 3], "uv_rotation": 90},
								"up": {"uv": [1, 16], "uv_size": [-1, -3], "uv_rotation": 180},
								"down": {"uv": [1, 16], "uv_size": [-1, -3]}
							}
						}
					]
				}
			]
		}
	]
}