{
	"format_version": "1.12.0",
	"minecraft:geometry": [
		{
			"description": {
				"identifier": "geometry.wstqdr_icecreamcup_0",
				"texture_width": 16,
				"texture_height": 16,
				"visible_bounds_width": 2,
				"visible_bounds_height": 2.5,
				"visible_bounds_offset": [0, 0.75, 0]
			},
			"bones": [
				{
					"name": "root",
					"pivot": [0, 0, 0],
					"cubes": [
						{
							"origin": [-2, 0, -2],
							"size": [4, 1, 4],
							"uv": {
								"north": {"uv": [6, 3], "uv_size": [4, 1]},
								"east": {"uv": [6, 3], "uv_size": [4, 1]},
								"south": {"uv": [6, 3], "uv_size": [4, 1]},
								"west": {"uv": [6, 3], "uv_size": [4, 1]},
								"up": {"uv": [5, 16], "uv_size": [-4, -4]},
								"down": {"uv": [5, 16], "uv_size": [-4, -4]}
							}
						},
						{
							"origin": [-1, 1, -1],
							"size": [2, 2, 2],
							"uv": {
								"north": {"uv": [7, 0], "uv_size": [2, 2]},
								"east": {"uv": [7, 1], "uv_size": [2, 2]},
								"south": {"uv": [7, 0], "uv_size": [2, 2]},
								"west": {"uv": [7, 1], "uv_size": [2, 2]}
							}
						},
						{
							"origin": [-3, 3, -3],
							"size": [6, 0, 6],
							"uv": {
								"up": {"uv": [6, 12], "uv_size": [-6, -6]}
							}
						},
						{
							"origin": [-2, 4, -2],
							"size": [4, 3, 4],
							"inflate": 0.75,
							"uv": {
								"north": {"uv": [10, 11], "uv_size": [6, 5]},
								"east": {"uv": [10, 11], "uv_size": [6, 5]},
								"south": {"uv": [10, 11], "uv_size": [6, 5]},
								"west": {"uv": [10, 11], "uv_size": [6, 5]},
								"down": {"uv": [16, 16], "uv_size": [-6, -6]}
							}
						},
						{
							"origin": [-3, 3, -3],
							"size": [6, 4, 6],
							"uv": {
								"north": {"uv": [0, 1], "uv_size": [6, 5]},
								"east": {"uv": [0, 1], "uv_size": [6, 5]},
								"south": {"uv": [0, 1], "uv_size": [6, 5]},
								"west": {"uv": [0, 1], "uv_size": [6, 5]}
							}
						},
						{
							"origin": [-3.5, 7, -3.5],
							"size": [7, 1, 7],
							"uv": {
								"north": {"uv": [0, 0], "uv_size": [6, 1]},
								"east": {"uv": [0, 0], "uv_size": [6, 1]},
								"south": {"uv": [0, 0], "uv_size": [6, 1]},
								"west": {"uv": [0, 0], "uv_size": [6, 1]},
								"up": {"uv": [6, 12], "uv_size": [-6, -6]}
							}
						},
						{
							"origin": [-2.5, 8, -2.5],
							"size": [5, 0.75, 5],
							"uv": {
								"north": {"uv": [10, 5], "uv_size": [6, 1]},
								"east": {"uv": [10, 5], "uv_size": [6, 1]},
								"south": {"uv": [10, 5], "uv_size": [6, 1]},
								"west": {"uv": [10, 5], "uv_size": [6, 1]},
								"up": {"uv": [16, 10], "uv_size": [-6, -6]}
							}
						},
						{
							"origin": [-2, 8.75, -2],
							"size": [4, 0.75, 4],
							"uv": {
								"north": {"uv": [10, 4], "uv_size": [6, 1]},
								"east": {"uv": [10, 4], "uv_size": [6, 1]},
								"south": {"uv": [10, 4], "uv_size": [6, 1]},
								"west": {"uv": [10, 4], "uv_size": [6, 1]},
								"up": {"uv": [16, 10], "uv_size": [-6, -6]}
							}
						}
					]
				}
			]
		}
	]
}