{
    "format_version": "1.20.10",
    "minecraft:recipe_shapeless": {
        "description": {
            "identifier": "wstqdr:snow_smoothie"
        },
        "ingredients": [
            {
                "count": 1,
                "data": 0,
                "item": "minecraft:snowball"
            },
            {
                "count": 1,
                "data": 0,
                "item": "minecraft:sugar"
            },
            {
                "count": 1,
                "data": 0,
                "item": "minecraft:potion"
            }
        ],
        "result": {
            "count": 1,
            "data": 0,
            "item": "wstqdr:snow_smoothie"
        },
        "tags": [
            "crafting_table"
        ],
        "unlock": [
            {
                "data": 0,
                "item": "minecraft:snowball"
            },
            {
                "data": 0,
                "item": "minecraft:potion"
            },
            {
                "data": 0,
                "item": "minecraft:sugar"
            }
        ]
    }
}