{
    "format_version": "1.10",
    "minecraft:item": {
        "components": {
            "minecraft:food": {
                "can_always_eat": true,
                "cooldown_time": 20,
                "cooldown_type": "chorusfruit",
                "effects": [
                    {
                        "amplifier": 0,
                        "chance": 1.0,
                        "duration": 30,
                        "name": "speed"
                    }
                ],
                "nutrition": 4,
                "on_use_action": "chorus_teleport",
                "on_use_range": [
                    8,
                    8,
                    8
                ],
                "saturation_modifier": "low",
                "using_converts_to": "minecraft:stick"
            },
            "minecraft:use_duration": 32.0
        },
        "description": {
            "category": "wstqdr_frozen_food",
            "identifier": "wstqdr:chorus_fruit_popsicle"
        }
    }
}