{
    "format_version": "1.10",
    "minecraft:item": {
        "components": {
            "minecraft:food": {
                "can_always_eat": true,
                "effects": [
                    {
                        "amplifier": 0,
                        "chance": 1.0,
                        "duration": 30,
                        "name": "speed"
                    },
                    {
                        "amplifier": 1,
                        "chance": 1.0,
                        "duration": 30,
                        "name": "absorption"
                    }
                ],
                "nutrition": 6,
                "saturation_modifier": "normal",
                "using_converts_to": "wstqdr:waffle_cone"
            },
            "minecraft:use_duration": 32.0,
            "netease:compostable": 85
        },
        "description": {
            "category": "wstqdr_frozen_food",
            "identifier": "wstqdr:apple_icecreamcone"
        }
    }
}