{
	"format_version": "1.21.0",
	"minecraft:geometry": [
		{
			"description": {
				"identifier": "geometry.wstqdr_popsicle_mold_popsicle_0",
				"texture_width": 16,
				"texture_height": 16,
				"visible_bounds_width": 2,
				"visible_bounds_height": 2.5,
				"visible_bounds_offset": [0, 0.75, 0]
			},
			"bones": [
				{
					"name": "root",
					"pivot": [0, 0, 0],
					"cubes": [
						{
							"origin": [-6, 0, -5],
							"size": [12, 2, 10],
							"uv": {
								"north": {"uv": [2, 13], "uv_size": [12, 2]},
								"east": {"uv": [3, 13], "uv_size": [10, 2]},
								"south": {"uv": [2, 13], "uv_size": [12, 2]},
								"west": {"uv": [3, 13], "uv_size": [10, 2]},
								"up": {"uv": [2, 3], "uv_size": [12, 10]},
								"down": {"uv": [2, 3], "uv_size": [12, 10]}
							}
						},
						{
							"origin": [3, 2, 3],
							"size": [1, 2, 10],
							"pivot": [0, -1, 8],
							"rotation": [0, 90, 0],
							"uv": {
								"east": {"uv": [3, 1], "uv_size": [10, 2]},
								"west": {"uv": [3, 3], "uv_size": [10, 2]},
								"up": {"uv": [3, 1], "uv_size": [10, 1], "uv_rotation": 270}
							}
						},
						{
							"origin": [5, 2, -5],
							"size": [1, 2, 10],
							"uv": {
								"north": {"uv": [13, 1], "uv_size": [1, 2]},
								"east": {"uv": [3, 3], "uv_size": [10, 2]},
								"south": {"uv": [2, 1], "uv_size": [1, 2]},
								"west": {"uv": [3, 1], "uv_size": [10, 2]},
								"up": {"uv": [2, 1], "uv_size": [12, 1], "uv_rotation": 90}
							}
						},
						{
							"origin": [-6, 2, -5],
							"size": [1, 2, 10],
							"uv": {
								"north": {"uv": [2, 1], "uv_size": [1, 2]},
								"east": {"uv": [3, 1], "uv_size": [10, 2]},
								"south": {"uv": [13, 1], "uv_size": [1, 2]},
								"west": {"uv": [3, 3], "uv_size": [10, 2]},
								"up": {"uv": [2, 1], "uv_size": [12, 1], "uv_rotation": 90}
							}
						},
						{
							"origin": [3, 2, -6],
							"size": [1, 2, 10],
							"pivot": [0, -1, -1],
							"rotation": [0, 90, 0],
							"uv": {
								"east": {"uv": [3, 3], "uv_size": [10, 2]},
								"west": {"uv": [3, 1], "uv_size": [10, 2]},
								"up": {"uv": [3, 1], "uv_size": [10, 1], "uv_rotation": 270}
							}
						}
					]
				},
				{
					"name": "popsicle_1",
					"parent": "root",
					"pivot": [-2.5, 2.1, -1.7],
					"cubes": [
						{
							"origin": [-4.5, 2, 1.7],
							"size": [4, 2, 2.5],
							"inflate": -0.252,
							"uv": {
								"east": {"uv": [8, 0], "uv_size": [-2, 2], "uv_rotation": 270, "material_instance": "popsicle"},
								"south": {"uv": [0, 2], "uv_size": [4, 2], "material_instance": "popsicle"},
								"west": {"uv": [8, 0], "uv_size": [-2, 2], "uv_rotation": 90, "material_instance": "popsicle"},
								"up": {"uv": [4, 2], "uv_size": [-4, -2], "uv_rotation": 180, "material_instance": "popsicle"},
								"down": {"uv": [4, 2], "uv_size": [-4, -2], "material_instance": "popsicle"}
							}
						},
						{
							"origin": [-5, 2, -1.7],
							"size": [5, 2, 5],
							"inflate": -0.251,
							"uv": {
								"east": {"uv": [8, 4], "uv_size": [-2, 5], "uv_rotation": 270, "material_instance": "popsicle"},
								"south": {"uv": [0, 4], "uv_size": [5, 2], "material_instance": "popsicle"},
								"west": {"uv": [8, 4], "uv_size": [-2, 5], "uv_rotation": 90, "material_instance": "popsicle"},
								"up": {"uv": [5, 9], "uv_size": [-5, -5], "uv_rotation": 180, "material_instance": "popsicle"},
								"down": {"uv": [5, 9], "uv_size": [-5, -5], "material_instance": "popsicle"}
							}
						},
						{
							"origin": [-5.25, 2, -4.2],
							"size": [5.5, 2, 4],
							"inflate": -0.25,
							"uv": {
								"north": {"uv": [0, 11], "uv_size": [6, 2], "material_instance": "popsicle"},
								"east": {"uv": [6, 9], "uv_size": [2, 4], "uv_rotation": 90, "material_instance": "popsicle"},
								"south": {"uv": [0, 9], "uv_size": [6, 2], "material_instance": "popsicle"},
								"west": {"uv": [8, 9], "uv_size": [-2, 4], "uv_rotation": 90, "material_instance": "popsicle"},
								"up": {"uv": [6, 13], "uv_size": [-6, -4], "uv_rotation": 180, "material_instance": "popsicle"},
								"down": {"uv": [6, 13], "uv_size": [-6, -4], "material_instance": "popsicle"}
							}
						}
					]
				},
				{
					"name": "popsicle_2",
					"parent": "root",
					"pivot": [2.5, 2.1, -1.7],
					"cubes": [
						{
							"origin": [0.5, 2, 1.7],
							"size": [4, 2, 2.5],
							"inflate": -0.252,
							"uv": {
								"east": {"uv": [8, 0], "uv_size": [-2, 2], "uv_rotation": 270, "material_instance": "popsicle"},
								"south": {"uv": [0, 2], "uv_size": [4, 2], "material_instance": "popsicle"},
								"west": {"uv": [8, 0], "uv_size": [-2, 2], "uv_rotation": 90, "material_instance": "popsicle"},
								"up": {"uv": [4, 2], "uv_size": [-4, -2], "uv_rotation": 180, "material_instance": "popsicle"},
								"down": {"uv": [4, 2], "uv_size": [-4, -2], "material_instance": "popsicle"}
							}
						},
						{
							"origin": [0, 2, -1.7],
							"size": [5, 2, 5],
							"inflate": -0.251,
							"uv": {
								"east": {"uv": [8, 4], "uv_size": [-2, 5], "uv_rotation": 270, "material_instance": "popsicle"},
								"south": {"uv": [0, 4], "uv_size": [5, 2], "material_instance": "popsicle"},
								"west": {"uv": [8, 4], "uv_size": [-2, 5], "uv_rotation": 90, "material_instance": "popsicle"},
								"up": {"uv": [5, 9], "uv_size": [-5, -5], "uv_rotation": 180, "material_instance": "popsicle"},
								"down": {"uv": [5, 9], "uv_size": [-5, -5], "material_instance": "popsicle"}
							}
						},
						{
							"origin": [-0.25, 2, -4.2],
							"size": [5.5, 2, 4],
							"inflate": -0.25,
							"uv": {
								"north": {"uv": [0, 11], "uv_size": [6, 2], "material_instance": "popsicle"},
								"east": {"uv": [6, 9], "uv_size": [2, 4], "uv_rotation": 90, "material_instance": "popsicle"},
								"south": {"uv": [0, 9], "uv_size": [6, 2], "material_instance": "popsicle"},
								"west": {"uv": [8, 9], "uv_size": [-2, 4], "uv_rotation": 90, "material_instance": "popsicle"},
								"up": {"uv": [6, 13], "uv_size": [-6, -4], "uv_rotation": 180, "material_instance": "popsicle"},
								"down": {"uv": [6, 13], "uv_size": [-6, -4], "material_instance": "popsicle"}
							}
						}
					]
				}
			]
		}
	]
}