{
	"format_version": "1.12.0",
	"minecraft:geometry": [
		{
			"description": {
				"identifier": "geometry.wstqdr_icecreamcone_3",
				"texture_width": 16,
				"texture_height": 16,
				"visible_bounds_width": 2,
				"visible_bounds_height": 2.5,
				"visible_bounds_offset": [0, 0.75, 0]
			},
			"bones": [
				{
					"name": "root",
					"pivot": [1, 0, -1]
				},
				{
					"name": "icecreamcone_0",
					"parent": "root",
					"pivot": [-3, 0, -3],
					"rotation": [0, -7.5, 0],
					"cubes": [
						{
							"origin": [-5, -1, -5],
							"size": [4, 3.5, 4],
							"inflate": -1,
							"uv": {
								"north": {"uv": [11, 0], "uv_size": [4, 3]},
								"east": {"uv": [11, 0], "uv_size": [4, 3]},
								"south": {"uv": [11, 0], "uv_size": [4, 3]},
								"west": {"uv": [11, 0], "uv_size": [4, 3]},
								"down": {"uv": [5, 9], "uv_size": [-4, -4]}
							}
						},
						{
							"origin": [-5, 0.875, -5],
							"size": [4, 3, 4],
							"inflate": -0.625,
							"uv": {
								"north": {"uv": [6, 0], "uv_size": [5, 3]},
								"east": {"uv": [6, 0], "uv_size": [5, 3]},
								"south": {"uv": [6, 0], "uv_size": [5, 3]},
								"west": {"uv": [6, 0], "uv_size": [5, 3]},
								"down": {"uv": [5, 15], "uv_size": [-5, -5]}
							}
						},
						{
							"origin": [-5.5, 2.5, -5.5],
							"size": [5, 4, 5],
							"inflate": -0.75,
							"uv": {
								"north": {"uv": [0, 0], "uv_size": [6, 4]},
								"east": {"uv": [0, 0], "uv_size": [6, 4]},
								"south": {"uv": [0, 0], "uv_size": [6, 4]},
								"west": {"uv": [0, 0], "uv_size": [6, 4]},
								"up": {"uv": [5, 15], "uv_size": [-5, -5]},
								"down": {"uv": [6, 10], "uv_size": [-6, -6]}
							}
						},
						{
							"origin": [-5, 5.25, -5],
							"size": [4, 2.5, 4],
							"inflate": -0.5,
							"uv": {
								"north": {"uv": [6, 3], "uv_size": [6, 3]},
								"east": {"uv": [6, 3], "uv_size": [6, 3]},
								"south": {"uv": [6, 3], "uv_size": [6, 3]},
								"west": {"uv": [6, 3], "uv_size": [6, 3]},
								"up": {"uv": [12, 9], "uv_size": [-6, -6]}
							}
						},
						{
							"origin": [-4.5, 6.75, -4.5],
							"size": [3, 2, 3],
							"inflate": -0.5,
							"uv": {
								"north": {"uv": [7, 3], "uv_size": [4, 2]},
								"east": {"uv": [7, 3], "uv_size": [4, 2]},
								"south": {"uv": [7, 3], "uv_size": [4, 2]},
								"west": {"uv": [7, 3], "uv_size": [4, 2]},
								"up": {"uv": [11, 8], "uv_size": [-4, -4]}
							}
						}
					]
				},
				{
					"name": "icecreamcone_1",
					"parent": "root",
					"pivot": [3, 0, -3],
					"rotation": [0, 17.5, 0],
					"cubes": [
						{
							"origin": [1, -1, -5],
							"size": [4, 3.5, 4],
							"inflate": -1,
							"uv": {
								"north": {"uv": [11, 0], "uv_size": [4, 3]},
								"east": {"uv": [11, 0], "uv_size": [4, 3]},
								"south": {"uv": [11, 0], "uv_size": [4, 3]},
								"west": {"uv": [11, 0], "uv_size": [4, 3]},
								"down": {"uv": [5, 9], "uv_size": [-4, -4]}
							}
						},
						{
							"origin": [1, 0.875, -5],
							"size": [4, 3, 4],
							"inflate": -0.625,
							"uv": {
								"north": {"uv": [6, 0], "uv_size": [5, 3]},
								"east": {"uv": [6, 0], "uv_size": [5, 3]},
								"south": {"uv": [6, 0], "uv_size": [5, 3]},
								"west": {"uv": [6, 0], "uv_size": [5, 3]},
								"down": {"uv": [5, 15], "uv_size": [-5, -5]}
							}
						},
						{
							"origin": [0.5, 2.5, -5.5],
							"size": [5, 4, 5],
							"inflate": -0.75,
							"uv": {
								"north": {"uv": [0, 0], "uv_size": [6, 4]},
								"east": {"uv": [0, 0], "uv_size": [6, 4]},
								"south": {"uv": [0, 0], "uv_size": [6, 4]},
								"west": {"uv": [0, 0], "uv_size": [6, 4]},
								"up": {"uv": [5, 15], "uv_size": [-5, -5]},
								"down": {"uv": [6, 10], "uv_size": [-6, -6]}
							}
						},
						{
							"origin": [1, 5.25, -5],
							"size": [4, 2.5, 4],
							"inflate": -0.5,
							"uv": {
								"north": {"uv": [6, 3], "uv_size": [6, 3]},
								"east": {"uv": [6, 3], "uv_size": [6, 3]},
								"south": {"uv": [6, 3], "uv_size": [6, 3]},
								"west": {"uv": [6, 3], "uv_size": [6, 3]},
								"up": {"uv": [12, 9], "uv_size": [-6, -6]}
							}
						},
						{
							"origin": [1.5, 6.75, -4.5],
							"size": [3, 2, 3],
							"inflate": -0.5,
							"uv": {
								"north": {"uv": [7, 3], "uv_size": [4, 2]},
								"east": {"uv": [7, 3], "uv_size": [4, 2]},
								"south": {"uv": [7, 3], "uv_size": [4, 2]},
								"west": {"uv": [7, 3], "uv_size": [4, 2]},
								"up": {"uv": [11, 8], "uv_size": [-4, -4]}
							}
						}
					]
				},
				{
					"name": "icecreamcone_2",
					"parent": "root",
					"pivot": [-3, 0, 3],
					"cubes": [
						{
							"origin": [-5, -1, 1],
							"size": [4, 3.5, 4],
							"inflate": -1,
							"uv": {
								"north": {"uv": [11, 0], "uv_size": [4, 3]},
								"east": {"uv": [11, 0], "uv_size": [4, 3]},
								"south": {"uv": [11, 0], "uv_size": [4, 3]},
								"west": {"uv": [11, 0], "uv_size": [4, 3]},
								"down": {"uv": [5, 9], "uv_size": [-4, -4]}
							}
						},
						{
							"origin": [-5, 0.875, 1],
							"size": [4, 3, 4],
							"inflate": -0.625,
							"uv": {
								"north": {"uv": [6, 0], "uv_size": [5, 3]},
								"east": {"uv": [6, 0], "uv_size": [5, 3]},
								"south": {"uv": [6, 0], "uv_size": [5, 3]},
								"west": {"uv": [6, 0], "uv_size": [5, 3]},
								"down": {"uv": [5, 15], "uv_size": [-5, -5]}
							}
						},
						{
							"origin": [-5.5, 2.5, 0.5],
							"size": [5, 4, 5],
							"inflate": -0.75,
							"uv": {
								"north": {"uv": [0, 0], "uv_size": [6, 4]},
								"east": {"uv": [0, 0], "uv_size": [6, 4]},
								"south": {"uv": [0, 0], "uv_size": [6, 4]},
								"west": {"uv": [0, 0], "uv_size": [6, 4]},
								"up": {"uv": [5, 15], "uv_size": [-5, -5]},
								"down": {"uv": [6, 10], "uv_size": [-6, -6]}
							}
						},
						{
							"origin": [-5, 5.25, 1],
							"size": [4, 2.5, 4],
							"inflate": -0.5,
							"uv": {
								"north": {"uv": [6, 3], "uv_size": [6, 3]},
								"east": {"uv": [6, 3], "uv_size": [6, 3]},
								"south": {"uv": [6, 3], "uv_size": [6, 3]},
								"west": {"uv": [6, 3], "uv_size": [6, 3]},
								"up": {"uv": [12, 9], "uv_size": [-6, -6]}
							}
						},
						{
							"origin": [-4.5, 6.75, 1.5],
							"size": [3, 2, 3],
							"inflate": -0.5,
							"uv": {
								"north": {"uv": [7, 3], "uv_size": [4, 2]},
								"east": {"uv": [7, 3], "uv_size": [4, 2]},
								"south": {"uv": [7, 3], "uv_size": [4, 2]},
								"west": {"uv": [7, 3], "uv_size": [4, 2]},
								"up": {"uv": [11, 8], "uv_size": [-4, -4]}
							}
						}
					]
				},
				{
					"name": "icecreamcone_3",
					"parent": "root",
					"pivot": [3, 0, 3],
					"rotation": [0, 7.5, 0],
					"cubes": [
						{
							"origin": [1, -1, 1],
							"size": [4, 3.5, 4],
							"inflate": -1,
							"uv": {
								"north": {"uv": [11, 0], "uv_size": [4, 3]},
								"east": {"uv": [11, 0], "uv_size": [4, 3]},
								"south": {"uv": [11, 0], "uv_size": [4, 3]},
								"west": {"uv": [11, 0], "uv_size": [4, 3]},
								"down": {"uv": [5, 9], "uv_size": [-4, -4]}
							}
						},
						{
							"origin": [1, 0.875, 1],
							"size": [4, 3, 4],
							"inflate": -0.625,
							"uv": {
								"north": {"uv": [6, 0], "uv_size": [5, 3]},
								"east": {"uv": [6, 0], "uv_size": [5, 3]},
								"south": {"uv": [6, 0], "uv_size": [5, 3]},
								"west": {"uv": [6, 0], "uv_size": [5, 3]},
								"down": {"uv": [5, 15], "uv_size": [-5, -5]}
							}
						},
						{
							"origin": [0.5, 2.5, 0.5],
							"size": [5, 4, 5],
							"inflate": -0.75,
							"uv": {
								"north": {"uv": [0, 0], "uv_size": [6, 4]},
								"east": {"uv": [0, 0], "uv_size": [6, 4]},
								"south": {"uv": [0, 0], "uv_size": [6, 4]},
								"west": {"uv": [0, 0], "uv_size": [6, 4]},
								"up": {"uv": [5, 15], "uv_size": [-5, -5]},
								"down": {"uv": [6, 10], "uv_size": [-6, -6]}
							}
						},
						{
							"origin": [1, 5.25, 1],
							"size": [4, 2.5, 4],
							"inflate": -0.5,
							"uv": {
								"north": {"uv": [6, 3], "uv_size": [6, 3]},
								"east": {"uv": [6, 3], "uv_size": [6, 3]},
								"south": {"uv": [6, 3], "uv_size": [6, 3]},
								"west": {"uv": [6, 3], "uv_size": [6, 3]},
								"up": {"uv": [12, 9], "uv_size": [-6, -6]}
							}
						},
						{
							"origin": [1.5, 6.75, 1.5],
							"size": [3, 2, 3],
							"inflate": -0.5,
							"uv": {
								"north": {"uv": [7, 3], "uv_size": [4, 2]},
								"east": {"uv": [7, 3], "uv_size": [4, 2]},
								"south": {"uv": [7, 3], "uv_size": [4, 2]},
								"west": {"uv": [7, 3], "uv_size": [4, 2]},
								"up": {"uv": [11, 8], "uv_size": [-4, -4]}
							}
						}
					]
				}
			]
		}
	]
}