{
  "format_version": "1.20.10",
  "minecraft:recipe_shaped": {
    "description": {
      "identifier": "wstqdr:icecream_churn"
    },
    "tags": ["crafting_table"],
    "pattern": ["#s#", "#b#", "#-#"],
    "key": {
      "s": {
        "data": 0,
        "item": "minecraft:stick"
      },
      "b": {
        "data": 0,
        "item": "minecraft:bucket"
      },
      "#": {
        "tag": "minecraft:planks"
      },
      "-": {
        "tag": "minecraft:wooden_slabs"
      }
    },
    "unlock": [
      {
        "tag": "minecraft:planks"
      },
      {
        "tag": "minecraft:wooden_slabs"
      }
    ],
    "result": {
      "item": "wstqdr:icecream_churn"
    },
    "priority": -1
  }
}
