{
    "format_version": "1.20.10",
    "minecraft:recipe_shaped": {
        "description": {
            "identifier": "wstqdr:waffle_cone"
        },
        "key": {
            "A": {
                "data": 0,
                "item": "minecraft:egg"
            },
            "B": {
                "data": 0,
                "item": "minecraft:potion"
            },
            "C": {
                "data": 0,
                "item": "minecraft:wheat"
            }
        },
        "pattern": [
            "  A",
            " B ",
            "C  "
        ],
        "result": [
            {
                "count": 1,
                "data": 0,
                "item": "wstqdr:waffle_cone"
            },
            {
                "count": 1,
                "data": 0,
                "item": "minecraft:glass_bottle"
            }
        ],
        "tags": [
            "crafting_table"
        ],
        "unlock": [
            {
                "data": 0,
                "item": "minecraft:egg"
            },
            {
                "data": 0,
                "item": "minecraft:potion"
            },
            {
                "data": 0,
                "item": "minecraft:wheat"
            }
        ]
    }
}