{
	"format_version": "1.21.0",
	"minecraft:geometry": [
		{
			"description": {
				"identifier": "geometry.wstqdr_icecream_churn_3",
				"texture_width": 32,
				"texture_height": 32,
				"visible_bounds_width": 4,
				"visible_bounds_height": 2.5,
				"visible_bounds_offset": [0, 0.75, 0]
			},
			"bones": [
				{
					"name": "root",
					"pivot": [0, 0, 0],
					"cubes": [
						{
							"origin": [-5, 0, -5],
							"size": [10, 2, 10],
							"uv": {
								"north": {"uv": [0, 10], "uv_size": [10, 2]},
								"east": {"uv": [0, 10], "uv_size": [10, 2]},
								"south": {"uv": [0, 10], "uv_size": [10, 2]},
								"west": {"uv": [0, 10], "uv_size": [10, 2]},
								"up": {"uv": [10, 0], "uv_size": [10, 10]},
								"down": {"uv": [10, 10], "uv_size": [10, -10]}
							}
						},
						{
							"origin": [-5, 2, -4],
							"size": [1, 10, 8],
							"pivot": [0, -1, 0],
							"rotation": [0, 90, 0],
							"uv": {
								"north": {"uv": [8, 0], "uv_size": [1, 10]},
								"east": {"uv": [1, 0], "uv_size": [8, 10]},
								"south": {"uv": [1, 0], "uv_size": [1, 10]},
								"west": {"uv": [11, 0], "uv_size": [8, 10]},
								"up": {"uv": [9, 0], "uv_size": [-8, 1], "uv_rotation": 270},
								"down": {"uv": [9, 9], "uv_size": [-8, 1], "uv_rotation": 270}
							}
						},
						{
							"origin": [4, 2, -5],
							"size": [1, 10, 10],
							"uv": {
								"north": {"uv": [9, 0], "uv_size": [1, 10]},
								"east": {"uv": [10, 0], "uv_size": [10, 10]},
								"south": {"uv": [0, 0], "uv_size": [1, 10]},
								"west": {"uv": [0, 0], "uv_size": [10, 10]},
								"up": {"uv": [0, 0], "uv_size": [10, 1], "uv_rotation": 90},
								"down": {"uv": [0, 9], "uv_size": [10, 1], "uv_rotation": 90}
							}
						},
						{
							"origin": [-3, 2, -3],
							"size": [6, 8, 6],
							"uv": {
								"north": {"uv": [20, 0], "uv_size": [6, 8]},
								"east": {"uv": [20, 0], "uv_size": [6, 8]},
								"south": {"uv": [20, 0], "uv_size": [6, 8]},
								"west": {"uv": [20, 0], "uv_size": [6, 8]},
								"up": {"uv": [26, 0], "uv_size": [6, 6]},
								"down": {"uv": [26, 6], "uv_size": [6, -6]}
							}
						},
						{
							"origin": [-1, 3, -1],
							"size": [2, 12, 2],
							"inflate": -0.1,
							"pivot": [0, 0, 0],
							"rotation": [6, 0, 0],
							"uv": {
								"north": {"uv": [30, 20], "uv_size": [2, 12]},
								"east": {"uv": [30, 20], "uv_size": [2, 12]},
								"south": {"uv": [30, 20], "uv_size": [2, 12]},
								"west": {"uv": [30, 20], "uv_size": [2, 12]},
								"up": {"uv": [32, 22], "uv_size": [-2, -2]},
								"down": {"uv": [32, 32], "uv_size": [-2, -2]}
							}
						},
						{
							"origin": [3, 2, -5],
							"size": [1, 10, 8],
							"pivot": [0, -1, -1],
							"rotation": [0, 90, 0],
							"uv": {
								"north": {"uv": [1, 0], "uv_size": [1, 10]},
								"east": {"uv": [11, 0], "uv_size": [8, 10]},
								"south": {"uv": [8, 0], "uv_size": [1, 10]},
								"west": {"uv": [1, 0], "uv_size": [8, 10]},
								"up": {"uv": [1, 0], "uv_size": [8, 1], "uv_rotation": 270},
								"down": {"uv": [1, 10], "uv_size": [8, -1], "uv_rotation": 90}
							}
						},
						{
							"origin": [-5, 2, -5],
							"size": [1, 10, 10],
							"uv": {
								"north": {"uv": [0, 0], "uv_size": [1, 10]},
								"east": {"uv": [0, 0], "uv_size": [10, 10]},
								"south": {"uv": [9, 0], "uv_size": [1, 10]},
								"west": {"uv": [10, 0], "uv_size": [10, 10]},
								"up": {"uv": [0, 0], "uv_size": [10, 1], "uv_rotation": 90},
								"down": {"uv": [0, 9], "uv_size": [10, 1], "uv_rotation": 90}
							}
						},
						{
							"origin": [-4, 9, -4],
							"size": [8, 0, 8],
							"uv": {
								"up": {"uv": [20, 20], "uv_size": [-8, -8], "material_instance": "icecream_churn_content"}
							}
						}
					]
				}
			]
		}
	]
}