{
  "format_version": "1.8.0",
  "render_controllers": {
    "controller.render.wstqdr_frozen_mix_color": {
      "geometry": "Geometry.default",
      "textures": ["Texture.default"],
      "materials": [{ "*": "Material.default" }],
      "overlay_color": {
        "r": "q.property('wstqdr:red')/255",
        "g": "q.property('wstqdr:green')/255",
        "b": "q.property('wstqdr:blue')/255",
        "a": 0.75
      },
      "on_fire_color": {},
      "is_hurt_color": {}
    }
  }
}
