{
  "format_version": "1.21.0",
  "minecraft:block": {
    "description": {
      "identifier": "wstqdr:icecream_churn",
      "menu_category": {
        "category": "wstqdr_frozen_food"
      },
      "traits": {
        "minecraft:placement_direction": {
          "y_rotation_offset": 180,
          "enabled_states": ["minecraft:cardinal_direction"]
        }
      },
      "states": {
        "wstqdr:churn_stick_stage": {
          "values": { "min": 0, "max": 3 }
        },
        "wstqdr:icecream_churn_stage": {
          "values": ["none", "water", "ice"]
        }
      }
    },
    "components": {
      "netease:block_entity": {
        "tick": true
      },
      "netease:listen_block_remove": {
        "value": true
      },
      "netease:pathable": {
        "value": true
      },
      "netease:solid": {
        "value": false
      },
      "netease:snow_recover_able": {
        "value": false
      },
      "netease:water_flow_source": {
        "value": false
      },
      "minecraft:destructible_by_mining": {
        "seconds_to_destroy": 2.0
      },
      "minecraft:destructible_by_explosion": {
        "explosion_resistance": 1.0
      },
      "netease:tier": {
        "destroy_special": false,
        "digger": "hatchet",
        "level": 0
      },
      "minecraft:flammable": {
        "destroy_chance_modifier": 50,
        "catch_chance_modifier": 50
      },
      "minecraft:geometry": "geometry.wstqdr_icecream_churn_0",
      "minecraft:material_instances": {
        "*": {
          "texture": "wstqdr:icecream_churn",
          "render_method": "alpha_test"
        },
        "icecream_churn_content": {
          "texture": "wstqdr:empty",
          "render_method": "alpha_test"
        }
      },
      "minecraft:collision_box": {
        "origin": [-6, 0, -6],
        "size": [12, 14, 12]
      },
      "minecraft:selection_box": {
        "origin": [-6, 0, -6],
        "size": [12, 14, 12]
      },
      "minecraft:light_dampening": 0,
      "minecraft:map_color": "#563d13"
    },
    "permutations": [
      {
        "condition": "q.block_state('minecraft:cardinal_direction') == 'north'",
        "components": { "minecraft:transformation": { "rotation": [0, 0, 0] } }
      },
      {
        "condition": "q.block_state('minecraft:cardinal_direction') == 'east'",
        "components": {
          "minecraft:transformation": { "rotation": [0, 270, 0] }
        }
      },
      {
        "condition": "q.block_state('minecraft:cardinal_direction') == 'south'",
        "components": {
          "minecraft:transformation": { "rotation": [0, 180, 0] }
        }
      },
      {
        "condition": "q.block_state('minecraft:cardinal_direction') == 'west'",
        "components": { "minecraft:transformation": { "rotation": [0, 90, 0] } }
      },
      //冰淇淋桶状态
      {
        "condition": "q.block_state('wstqdr:churn_stick_stage') == 0",
        "components": { "minecraft:geometry": "geometry.wstqdr_icecream_churn_0" }
      },
      {
        "condition": "q.block_state('wstqdr:churn_stick_stage') == 1",
        "components": { "minecraft:geometry": "geometry.wstqdr_icecream_churn_1" }
      },
      {
        "condition": "q.block_state('wstqdr:churn_stick_stage') == 2",
        "components": { "minecraft:geometry": "geometry.wstqdr_icecream_churn_2" }
      },
      {
        "condition": "q.block_state('wstqdr:churn_stick_stage') == 3",
        "components": { "minecraft:geometry": "geometry.wstqdr_icecream_churn_3" }
      },
      {
        "condition": "q.block_state('wstqdr:icecream_churn_stage') == 'none'",
        "components": {
          "minecraft:material_instances": {
            "*": {
              "texture": "wstqdr:icecream_churn",
              "render_method": "alpha_test"
            },
            "icecream_churn_content": {
              "texture": "wstqdr:empty",
              "render_method": "alpha_test"
            }
          }
        }
      },
      {
        "condition": "q.block_state('wstqdr:icecream_churn_stage') == 'water'",
        "components": {
          "minecraft:material_instances": {
            "*": {
              "texture": "wstqdr:icecream_churn",
              "render_method": "alpha_test"
            },
            "icecream_churn_content": {
              "texture": "wstqdr:icecream_churn_water",
              "render_method": "alpha_test"
            }
          }
        }
      },
      {
        "condition": "q.block_state('wstqdr:icecream_churn_stage') == 'ice'",
        "components": {
          "minecraft:material_instances": {
            "*": {
              "texture": "wstqdr:icecream_churn",
              "render_method": "alpha_test"
            },
            "icecream_churn_content": {
              "texture": "wstqdr:icecream_churn_ice",
              "render_method": "alpha_test"
            }
          }
        }
      }
    ]
  }
}
