{
  "format_version": "1.21.0",
  "minecraft:block": {
    "description": {
      "identifier": "wstqdr:popsicle_mold",
      "menu_category": {
        "category": "wstqdr_frozen_food"
      },
      "traits": {
        "minecraft:placement_direction": {
          "y_rotation_offset": 180,
          "enabled_states": ["minecraft:cardinal_direction"]
        }
      },
      "states": {
        "wstqdr:popsicle_type": {
          "values": ["none","ice", "popsicle"]
        },
        "wstqdr:popsicle_stage": {
          "values": { "min": 0, "max": 2 }
        }
      }
    },
    "components": {
      "netease:connection": {
        "blocks": []
      },
      "netease:block_entity": {
        "tick": true
      },
      "netease:listen_block_remove": {
        "value": true
      },
      "netease:pathable": {
        "value": true
      },
      "netease:solid": {
        "value": false
      },
      "netease:snow_recover_able": {
        "value": false
      },
      "netease:water_flow_source": {
        "value": false
      },
      "minecraft:destructible_by_mining": {
        "seconds_to_destroy": 2.0
      },
      "minecraft:destructible_by_explosion": {
        "explosion_resistance": 1.0
      },
      "netease:tier": {
        "destroy_special": false,
        "digger": "hatchet",
        "level": 0
      },
      "minecraft:flammable": {
        "destroy_chance_modifier": 50,
        "catch_chance_modifier": 50
      },
      "minecraft:geometry": "geometry.wstqdr_popsicle_mold",
      "minecraft:material_instances": {
        "*": {
          "texture": "wstqdr:popsicle_mold",
          "render_method": "alpha_test"
        }
      },
      "minecraft:collision_box": {
        "origin": [-6, 0, -5],
        "size": [12, 4, 10]
      },
      "minecraft:selection_box": {
        "origin": [-6, 0, -5],
        "size": [12, 4, 10]
      },
      "minecraft:light_dampening": 0,
      "minecraft:map_color": "#563d13"
    },
    "permutations": [
      {
        "condition": "q.block_state('minecraft:cardinal_direction') == 'north'",
        "components": { "minecraft:transformation": { "rotation": [0, 0, 0] } }
      },
      {
        "condition": "q.block_state('minecraft:cardinal_direction') == 'east'",
        "components": {
          "minecraft:transformation": { "rotation": [0, 270, 0] }
        }
      },
      {
        "condition": "q.block_state('minecraft:cardinal_direction') == 'south'",
        "components": {
          "minecraft:transformation": { "rotation": [0, 180, 0] }
        }
      },
      {
        "condition": "q.block_state('minecraft:cardinal_direction') == 'west'",
        "components": { "minecraft:transformation": { "rotation": [0, 90, 0] } }
      },
      //冰棍模具状态
      {
        "condition": "q.block_state('wstqdr:popsicle_type') == 'none'",
        "components": {
          "minecraft:geometry": "geometry.wstqdr_popsicle_mold",
          "minecraft:material_instances": {
            "*": {
              "texture": "wstqdr:popsicle_mold",
              "render_method": "alpha_test"
            }
          }
        }
      },
      {
        "condition": "q.block_state('wstqdr:popsicle_type') == 'water'",
        "components": {
          "minecraft:geometry": "geometry.wstqdr_popsicle_mold_fill",
          "minecraft:material_instances": {
            "*": {
              "texture": "wstqdr:popsicle_mold",
              "render_method": "alpha_test"
            },
            "popsicle_mold_fill": {
              "texture": "wstqdr:popsicle_mold_water",
              "render_method": "alpha_test"
            }
          }
        }
      },
      {
        "condition": "q.block_state('wstqdr:popsicle_type') == 'ice'",
        "components": {
          "minecraft:geometry": "geometry.wstqdr_popsicle_mold_fill",
          "minecraft:material_instances": {
            "*": {
              "texture": "wstqdr:popsicle_mold",
              "render_method": "alpha_test"
            },
            "popsicle_mold_fill": {
              "texture": "wstqdr:popsicle_mold_ice",
              "render_method": "alpha_test"
            }
          }
        }
      },
      {
        "condition": "q.block_state('wstqdr:popsicle_type') == 'popsicle' && q.block_state('wstqdr:popsicle_stage') == 1",
        "components": {
          "minecraft:geometry": "geometry.wstqdr_popsicle_mold_popsicle_1",
          "minecraft:material_instances": {
            "*": {
              "texture": "wstqdr:popsicle_mold",
              "render_method": "alpha_test"
            },
            "popsicle": {
              "texture": "wstqdr:classic_popsicle_block",
              "render_method": "alpha_test"
            }
          }
        }
      },
      {
        "condition": "q.block_state('wstqdr:popsicle_type') == 'popsicle' && q.block_state('wstqdr:popsicle_stage') == 2",
        "components": {
          "minecraft:geometry": "geometry.wstqdr_popsicle_mold_popsicle_0",
          "minecraft:material_instances": {
            "*": {
              "texture": "wstqdr:popsicle_mold",
              "render_method": "alpha_test"
            },
            "popsicle": {
              "texture": "wstqdr:classic_popsicle_block",
              "render_method": "alpha_test"
            }
          }
        }
      }
    ]
  }
}
