{
	"format_version": "1.12.0",
	"minecraft:geometry": [
		{
			"description": {
				"identifier": "geometry.wstqdr_smoothie",
				"texture_width": 16,
				"texture_height": 16,
				"visible_bounds_width": 3,
				"visible_bounds_height": 2.5,
				"visible_bounds_offset": [0, 0.75, 0]
			},
			"bones": [
				{
					"name": "root",
					"pivot": [0, 0, 0],
					"cubes": [
						{
							"origin": [-2, 0, -2],
							"size": [4, 0, 4],
							"uv": {
								"up": {"uv": [6, 16], "uv_size": [-6, -6]}
							}
						},
						{
							"origin": [-2.5, 2.25, -2.5],
							"size": [5, 5, 5],
							"inflate": -0.75,
							"uv": {
								"north": {"uv": [7, 0], "uv_size": [5, 5]},
								"east": {"uv": [6, 0], "uv_size": [5, 5]},
								"south": {"uv": [7, 0], "uv_size": [5, 5]},
								"west": {"uv": [6, 0], "uv_size": [5, 5]},
								"up": {"uv": [12, 5], "uv_size": [-5, -5]},
								"down": {"uv": [11, 14], "uv_size": [-5, -5]}
							}
						},
						{
							"origin": [-2, -0.375, -2],
							"size": [4, 4, 4],
							"inflate": -0.625,
							"uv": {
								"north": {"uv": [8, 5], "uv_size": [4, 4]},
								"east": {"uv": [7, 5], "uv_size": [4, 4]},
								"south": {"uv": [6, 5], "uv_size": [4, 4]},
								"west": {"uv": [7, 5], "uv_size": [4, 4]},
								"down": {"uv": [11, 9], "uv_size": [-4, -4]}
							}
						},
						{
							"origin": [-3, -1, -3],
							"size": [6, 5, 6],
							"inflate": -1,
							"uv": {
								"north": {"uv": [0, 5], "uv_size": [6, 5]},
								"east": {"uv": [0, 5], "uv_size": [6, 5]},
								"south": {"uv": [0, 5], "uv_size": [6, 5]},
								"west": {"uv": [0, 5], "uv_size": [6, 5]}
							}
						},
						{
							"origin": [-3, 2.25, -3],
							"size": [6, 6, 6],
							"inflate": -0.75,
							"uv": {
								"north": {"uv": [0, 0], "uv_size": [6, 6]},
								"east": {"uv": [0, 0], "uv_size": [6, 6]},
								"south": {"uv": [0, 0], "uv_size": [6, 6]},
								"west": {"uv": [0, 0], "uv_size": [6, 6]},
								"up": {"uv": [6, 16], "uv_size": [-6, -6]}
							}
						}
					]
				}
			]
		}
	]
}