{
  "Source": "空白附加包",
  "CreateVersion": "3.6.0.149136",
  "EditVersion": "3.6.0.149136",
  "OldEditCount": 0,
  "NewEditCount": 28,
  "OldComponents": [],
  "Account": "2950369785@qq.com",
  "UserName": "WSTQDR",
  "UserId": "152745",
  "Id": "2cd00da7fe9f42f7b98cfa4acff3dd0f",
  "EditType": 2,
  "IsMap": false,
  "CreateNew": true,
  "CodeEnable": true,
  "CanPublishResourceComponent": true,
  "EditName": "冷藏扩展",
  "GameType": 1,
  "WorldType": 1,
  "Seed": "",
  "BlockNums": [
    0,
    0
  ],
  "BornPoint": [
    0,
    0,
    0
  ],
  "SaveBackMapPath": "",
  "SaveBackAddOnPath": "C:\\MCStudioDownload\\work\\2950369785@qq.com\\Cpp\\AddOn\\2cd00da7fe9f42f7b98cfa4acff3dd0f",
  "ResourceIds": [],
  "EditAddOnPaths": [],
  "NameSpace": "wstqdr",
  "EditMaterialPaths": [],
  "EditLogFilePath": "C:\\MCStudioDownload\\work\\editor\\edit.log",
  "ServerName": "EXPR",
  "StudioPort": 11144,
  "DCWebUrl": "https://x19apigatewayexpr.nie.netease.com",
  "ShowGuide": false,
  "AssertCacheDir": "C:\\MCStudioDownload\\EngineAssert",
  "ElkUrl": "https://x19mclexpr.nie.netease.com/client-log",
  "ShowGpuDriverTips": false,
  "StudioTempPath": "C:\\MCStudioDownload\\temp\\editorTemp",
  "EditorResourcePackPath": "C:\\Program Files (x86)\\Netease\\MCStudio\\data\\inner_res",
  "EditDate": 1765017296,
  "EditDuration": 98305,
  "TestDuration": 131068
}