{
	"format_version": "1.21.0",
	"minecraft:geometry": [
		{
			"description": {
				"identifier": "geometry.wstqdr_popsicle_mold",
				"texture_width": 16,
				"texture_height": 16,
				"visible_bounds_width": 2,
				"visible_bounds_height": 1.5,
				"visible_bounds_offset": [0, 0.25, 0]
			},
			"bones": [
				{
					"name": "root",
					"pivot": [0, 0, 0],
					"cubes": [
						{
							"origin": [-6, 0, -5],
							"size": [12, 2, 10],
							"uv": {
								"north": {"uv": [2, 13], "uv_size": [12, 2]},
								"east": {"uv": [3, 13], "uv_size": [10, 2]},
								"south": {"uv": [2, 13], "uv_size": [12, 2]},
								"west": {"uv": [3, 13], "uv_size": [10, 2]},
								"up": {"uv": [2, 3], "uv_size": [12, 10]},
								"down": {"uv": [2, 3], "uv_size": [12, 10]}
							}
						},
						{
							"origin": [3, 2, 3],
							"size": [1, 2, 10],
							"pivot": [0, -1, 8],
							"rotation": [0, 90, 0],
							"uv": {
								"east": {"uv": [3, 1], "uv_size": [10, 2]},
								"west": {"uv": [3, 3], "uv_size": [10, 2]},
								"up": {"uv": [3, 1], "uv_size": [10, 1], "uv_rotation": 270}
							}
						},
						{
							"origin": [5, 2, -5],
							"size": [1, 2, 10],
							"uv": {
								"north": {"uv": [13, 1], "uv_size": [1, 2]},
								"east": {"uv": [3, 3], "uv_size": [10, 2]},
								"south": {"uv": [2, 1], "uv_size": [1, 2]},
								"west": {"uv": [3, 1], "uv_size": [10, 2]},
								"up": {"uv": [2, 1], "uv_size": [12, 1], "uv_rotation": 90}
							}
						},
						{
							"origin": [-6, 2, -5],
							"size": [1, 2, 10],
							"uv": {
								"north": {"uv": [2, 1], "uv_size": [1, 2]},
								"east": {"uv": [3, 1], "uv_size": [10, 2]},
								"south": {"uv": [13, 1], "uv_size": [1, 2]},
								"west": {"uv": [3, 3], "uv_size": [10, 2]},
								"up": {"uv": [2, 1], "uv_size": [12, 1], "uv_rotation": 90}
							}
						},
						{
							"origin": [3, 2, -6],
							"size": [1, 2, 10],
							"pivot": [0, -1, -1],
							"rotation": [0, 90, 0],
							"uv": {
								"east": {"uv": [3, 3], "uv_size": [10, 2]},
								"west": {"uv": [3, 1], "uv_size": [10, 2]},
								"up": {"uv": [3, 1], "uv_size": [10, 1], "uv_rotation": 270}
							}
						}
					]
				}
			]
		}
	]
}