{
    "format_version": "1.16.0",
    "minecraft:entity": {
        "component_groups": {

        },
        "components": {
            "minecraft:collision_box": {
                "height": 0,
                "width": 0
            },
            "minecraft:damage_sensor": {
                "triggers": {
                    "cause": "all",
                    "deals_damage": false
                }
            },
            "minecraft:health": {
                "max": 9999,
                "value": 9999
            },
            "minecraft:loot": {
                "table": "loot_tables/empty.json"
            },
            "minecraft:persistent": {

            },
            "minecraft:physics": {
                "has_collision": false,
                "has_gravity": false
            },
            "minecraft:pushable": {
                "is_pushable": false,
                "is_pushable_by_piston": false
            },
            "minecraft:type_family": {
                "family": [
                    "wstqdr_icecreamchurn_fill"
                ]
            }
        },
        "description": {
            "identifier": "wstqdr:icecreamchurn_fill",
            "is_experimental": false,
            "is_spawnable": false,
            "is_summonable": true,
            "properties": {
                "wstqdr:blue": {
                    "client_sync": true,
                    "default": 0,
                    "range": [
                        0,
                        255
                    ],
                    "type": "int"
                },
                "wstqdr:green": {
                    "client_sync": true,
                    "default": 0,
                    "range": [
                        0,
                        255
                    ],
                    "type": "int"
                },
                "wstqdr:red": {
                    "client_sync": true,
                    "default": 0,
                    "range": [
                        0,
                        255
                    ],
                    "type": "int"
                }
            }
        },
        "events": {

        }
    }
}