{
    "format_version": [
        1,
        1,
        0
    ],
    "wstqdr:icecream_churn": {
        "sound": "wood"
    },
    "wstqdr:popsicle_mold": {
        "sound": "wood"
    },
    "wstqdr:icecreamcup_block": {
        "sound": "glass"
    },
    "wstqdr:apple_icecreamcup_block": {
        "sound": "glass"
    },
    "wstqdr:banana_icecreamcup_block": {
        "sound": "glass"
    },
    "wstqdr:blue_berry_icecreamcup_block": {
        "sound": "glass"
    },
    "wstqdr:chocolate_icecreamcup_block": {
        "sound": "glass"
    },
    "wstqdr:chorus_fruit_icecreamcup_block": {
        "sound": "glass"
    },
    "wstqdr:corn_icecreamcup_block": {
        "sound": "glass"
    },
    "wstqdr:cream_icecreamcup_block": {
        "sound": "glass"
    },
    "wstqdr:glistering_melon_icecreamcup_block": {
        "sound": "glass"
    },
    "wstqdr:glow_berry_icecreamcup_block": {
        "sound": "glass"
    },
    "wstqdr:melon_icecreamcup_block": {
        "sound": "glass"
    },
    "wstqdr:strawberry_icecreamcup_block": {
        "sound": "glass"
    },
    "wstqdr:sweet_berry_icecreamcup_block": {
        "sound": "glass"
    },
    "wstqdr:tomato_icecreamcup_block": {
        "sound": "glass"
    },
    "wstqdr:snow_smoothie_block": {
        "sound": "glass"
    },
    "wstqdr:apple_smoothie_block": {
        "sound": "glass"
    },
    "wstqdr:banana_smoothie_block": {
        "sound": "glass"
    },
    "wstqdr:blue_berry_smoothie_block": {
        "sound": "glass"
    },
    "wstqdr:chocolate_carrot_smoothie_block": {
        "sound": "glass"
    },
    "wstqdr:chocolate_smoothie_block": {
        "sound": "glass"
    },
    "wstqdr:chorus_fruit_smoothie_block": {
        "sound": "glass"
    },
    "wstqdr:corn_smoothie_block": {
        "sound": "glass"
    },
    "wstqdr:cream_smoothie_block": {
        "sound": "glass"
    },
    "wstqdr:glistering_melon_smoothie_block": {
        "sound": "glass"
    },
    "wstqdr:glow_berry_smoothie_block": {
        "sound": "glass"
    },
    "wstqdr:grape_smoothie_block": {
        "sound": "glass"
    },
    "wstqdr:honey_smoothie_block": {
        "sound": "glass"
    },
    "wstqdr:melon_smoothie_block": {
        "sound": "glass"
    },
    "wstqdr:strawberry_smoothie_block": {
        "sound": "glass"
    },
    "wstqdr:sweet_berry_smoothie_block": {
        "sound": "glass"
    },
    "wstqdr:tomato_smoothie_block": {
        "sound": "glass"
    },
    "wstqdr:icecreamcone_block": {
        "sound": "cloth"
    },
    "wstqdr:apple_icecreamcone_block": {
        "sound": "cloth"
    },
    "wstqdr:banana_icecreamcone_block": {
        "sound": "cloth"
    },
    "wstqdr:blue_berry_icecreamcone_block": {
        "sound": "cloth"
    },
    "wstqdr:chocolate_icecreamcone_block": {
        "sound": "cloth"
    },
    "wstqdr:chorus_fruit_icecreamcone_block": {
        "sound": "cloth"
    },
    "wstqdr:corn_icecreamcone_block": {
        "sound": "cloth"
    },
    "wstqdr:cream_icecreamcone_block": {
        "sound": "cloth"
    },
    "wstqdr:glistering_melon_icecreamcone_block": {
        "sound": "cloth"
    },
    "wstqdr:glow_berry_icecreamcone_block": {
        "sound": "cloth"
    },
    "wstqdr:melon_icecreamcone_block": {
        "sound": "cloth"
    },
    "wstqdr:strawberry_icecreamcone_block": {
        "sound": "cloth"
    },
    "wstqdr:sweet_berry_icecreamcone_block": {
        "sound": "cloth"
    },
    "wstqdr:tomato_icecreamcone_block": {
        "sound": "cloth"
    },
    "wstqdr:classic_popsicle_block": {
        "sound": "glass"
    },
    "wstqdr:apple_popsicle_block": {
        "sound": "glass"
    },
    "wstqdr:banana_popsicle_block": {
        "sound": "glass"
    },
    "wstqdr:blue_berry_popsicle_block": {
        "sound": "glass"
    },
    "wstqdr:chocolate_popsicle_block": {
        "sound": "glass"
    },
    "wstqdr:chorus_fruit_popsicle_block": {
        "sound": "glass"
    },
    "wstqdr:corn_popsicle_block": {
        "sound": "glass"
    },
    "wstqdr:cream_popsicle_block": {
        "sound": "glass"
    },
    "wstqdr:glow_berry_popsicle_block": {
        "sound": "glass"
    },
    "wstqdr:honey_popsicle_block": {
        "sound": "glass"
    },
    "wstqdr:strawberry_popsicle_block": {
        "sound": "glass"
    },
    "wstqdr:sweet_berry_popsicle_block": {
        "sound": "glass"
    },
    "wstqdr:tomato_popsicle_block": {
        "sound": "glass"
    }
}