{
    "format_version": "1.10",
    "minecraft:item": {
        "components": {
            "minecraft:food": {
                "can_always_eat": true,
                "effects": [
                    {
                        "amplifier": 0,
                        "chance": 1.0,
                        "duration": 30,
                        "name": "speed"
                    },
                    {
                        "amplifier": 0,
                        "chance": 1.0,
                        "duration": 60,
                        "name": "haste"
                    },
                    {
                        "amplifier": 0,
                        "chance": 1.0,
                        "duration": 120,
                        "name": "night_vision"
                    }
                ],
                "nutrition": 4,
                "saturation_modifier": "low",
                "using_converts_to": "minecraft:glass_bottle"
            },
            "minecraft:use_duration": 32.0
        },
        "description": {
            "category": "wstqdr_frozen_food",
            "identifier": "wstqdr:chocolate_carrot_smoothie"
        }
    }
}