{
    "format_version": "1.20.50",
    "minecraft:client_entity": {
        "description": {
            "animations": {
                "idle": "animation.wstqdr_icecreamchurn_fill.idle"
            },
            "geometry": {
                "default": "geometry.wstqdr_icecreamchurn_fill"
            },
            "identifier": "wstqdr:icecreamchurn_fill",
            "materials": {
                "default": "entity_alphatest"
            },
            "render_controllers": [
                "controller.render.wstqdr_frozen_mix_color"
            ],
            "scripts": {
                "animate": [
                    {
                        "idle": "query.mod.wstqdr_icecreamchurn_fill_mode == 0.0"
                    }
                ]
            },
            "textures": {
                "default": "textures/wstqdr_frozen/blocks/icecream_churn/icecreamchurn_fill"
            }
        }
    }
}